{
  "total_datasets": 64,
  "successful": 64,
  "skipped": 0,
  "errors": 0,
  "mean_accuracy": 0.47067104275076543,
  "std_accuracy": 0.2679100542730992,
  "mean_roc_auc": 0.6715362487107476,
  "std_roc_auc": 0.1971422306424906,
  "mean_train_time": 52.984485402703285
}